{"cameraMode":{"drawMode":0,"name":"Shaded","section":"Shading Mode"},"sceneLighting":false,"audioPlay":false,"sceneViewState":{"m_AlwaysRefresh":false,"showFog":true,"showSkybox":false,"showFlares":true,"showImageEffects":true,"showParticleSystems":true,"showVisualEffectGraphs":true,"m_FxEnabled":true},"in2DMode":false,"pivot":{"x":49.88173294067383,"y":22.446197509765626,"z":108.78388214111328},"rotation":{"x":0.012582962401211262,"y":-0.9093523025512695,"z":0.0275689959526062,"w":0.41496479511260989},"size":1.1533465385437012,"orthographic":false}